sport,tp,fp,fn,precision,recall,f1
cricket,2.0,1.0,0.0,0.6666666666666666,1.0,0.8
football,2.0,1.0,0.0,0.6666666666666666,1.0,0.8
